Name,Email,Password,Birthdate
Breanna Travis,egreen@example.org,&qb81eFkIs,1992-06-24
Richard West,ipage@example.com,*#P6Tn#Hz+,1989-03-19
Christina Dickson,david74@example.net,#pFHcri597,1956-08-31
Stephanie Cantu,wnavarro@example.com,gCPU7(nBa#,1978-03-31
Angela Frey,tjones@example.net,y@Xo5O3p_6,1954-04-23
Preston Martinez,bridgesroberta@example.net,e1@NjZ8j*b,1961-04-27
Savannah Anderson,brittanymoody@example.com,1@OC#3Tiss,1994-10-31
Theresa Rios,kathleen00@example.org,_7rWMeNl)A,1965-04-04
Bryan Bass,georgealejandro@example.org,#3JF@lTwv4,1987-04-23
Lauren Conrad,gail05@example.com,Bj3fUexw$0,1955-03-12
Cory Leonard,dennis01@example.org,_48VKehkJA,1964-08-12
Gary Ford,christophermiller@example.net,1Ea5!KKr@0,1977-08-21
Christina Kim,michaeljohnson@example.com,k7Ag*X6m(0,1937-12-03
Elizabeth Anderson,jonathan46@example.com,(kYJTFDo+3,1972-07-17
Gabriel Clark,rebeccacollins@example.com,Z0x!4RrymP,1962-06-06
Kristen Bowman,griffithkatie@example.com,y)7EcLGDCy,1976-08-16
Patrick Jones,lmckee@example.net,$%X3Di&MZy,1964-03-24
Ms. Alicia Reed,angelamorgan@example.org,B6UaNiSu^#,1992-12-25
Angela Young,nestrada@example.org,&JIyzO_Ek8,1987-04-04
Wendy Garcia,braundawn@example.com,3#v8gKig6j,1979-09-13
Brandon Wright,laura98@example.net,!rExODiv8v,1965-01-21
James Cox,ryan20@example.org,$5fJMk^Khb,1953-08-19
Jason Wallace,stanleytaylor@example.com,!$74W&!lCH,1978-07-21
Vicki Jones,durhamrachel@example.org,!MGdeImhC8,1960-10-05
Michael Carson,matthew27@example.org,@72CAm$jP#,1972-04-14
Kevin Fisher,philipmendez@example.org,nv$7Yokbz$,1986-03-14
Cheryl Rosales,gateseric@example.com,@M9qIHxVN*,1990-11-25
Susan Wagner,mitchellsarah@example.net,Uvo*6Rzk(p,1972-12-10
Kelly Madden,ashley65@example.com,9%aLD8Or^G,1976-11-21
Alexander Ford,garyclark@example.net,&Bun3TzP*K,1944-06-03
Ann Werner,tommaddox@example.com,ZD!g1PhTwy,1956-06-28
Andrew Reyes,ian26@example.net,$(&_1$FujW,1938-10-05
Brandy Kane,dsmith@example.com,#0(b2Rqf77,1948-05-10
Teresa Norris,janet30@example.net,5d&iiW&e%9,1963-08-14
Nicole Diaz,ruizmichael@example.com,%28U4tIk_V,1934-11-16
James Lozano,jenniferbowman@example.net,7sboOLRR)Z,1979-05-28
Matthew Murphy,kbaker@example.com,)r8Sdx*si#,1946-08-15
Andrew Dean,fochoa@example.org,*4fSqA$dNe,1976-01-04
George Bean,cervantesmark@example.org,&XaFwuRm5_,1961-01-26
Karen Hardy,jacksonjesse@example.org,R!_Fz8Wz#*,1965-12-24
Amanda Perkins,cbell@example.org,*5PIhVTArl,1969-01-02
Adrian Castro,matthewschristopher@example.org,R+Yu+qJxU9,1956-03-19
Tracy Alvarez,meredith76@example.com,U)7RgWN#Nw,1992-07-21
Christopher Jimenez DDS,katherinetrujillo@example.org,!81KoGqOx#,1963-11-02
Jennifer Page,dean77@example.com,7vO7mPrnA*,2005-02-16
Ashley Brown,lsullivan@example.net,%R1V&wgFcW,1952-02-11
Dustin Davis,vincent80@example.net,F&S8Dd(dtF,1982-03-03
Juan Saunders,mary83@example.net,L5MGOclk@#,1953-10-20
Christopher Hendrix,hayesalexandra@example.com,d%0v2ZMcxm,1973-11-09
Dylan Adams,pricerobin@example.com,V0LX7gWv%+,1994-11-14
Jacob Callahan,gwebb@example.org,(4+91YlaMB,1966-04-02
Erin French,truiz@example.com,Ym2AtKCl$&,1980-06-20
Michael Duarte,hollytownsend@example.com,4(*5Sfs&Z_,1995-05-14
Kenneth Ramirez MD,jeff99@example.net,f5@LQY@p^J,1937-06-08
Chelsea Gonzalez,dreed@example.com,$d7L%bBu%n,1993-06-09
Matthew Thomas,valexander@example.com,!on4VQsp+K,1979-12-24
Sean Kidd,scott68@example.org,#4#KCtAkGm,1937-07-07
Heather Ayers,jrivers@example.net,^re4)dD#X3,1951-04-09
Christine Duffy,bruceschwartz@example.org,(77IBBlphn,1999-02-04
Courtney Martin,colleenrosales@example.com,_0!rSictPH,1953-09-10
Lisa Watkins,zachary94@example.com,_as8O^Fh6!,1947-04-24
Lori Johnson,lauren13@example.org,+R1oEI*z4g,1943-11-18
Jennifer Mckinney,marvin70@example.net,$7(ZA^s$7Q,1940-10-12
Sydney Ramos,anthonyperry@example.net,^uf!m8Tegm,1967-06-19
Jason Blevins,james00@example.net,XiHj88xb@8,1933-09-16
Joseph Odonnell,david65@example.com,*7J0uz0XzI,1939-01-01
Gabriel Werner,wbridges@example.net,0l6L77sW%%,2003-03-24
Shannon Webster,mfreeman@example.net,^u*cGyXW0a,2002-10-05
Jose Miller,cathymedina@example.net,r@&Q&kus*3,1980-11-13
Cindy Johnson,garnerjulia@example.net,@+OIUq8W9o,1959-01-03
Michael Hill,uwilliams@example.net,I!W5UifZBk,1938-04-30
Frank Cunningham,susanhoward@example.org,7rXv&oHo$k,1947-08-04
Monica Kim,kayla88@example.com,^447&IgE0^,1978-12-22
Bradley Rogers,tinaprince@example.org,+4sH1X0jHh,1987-05-21
James Curtis,adkinsmichael@example.net,f*R24TUasI,1966-04-01
Ryan Daniel,yadkins@example.com,nKl2hJk25+,1947-01-10
Robert Andrade,wlee@example.org,Qhm@6Cr2wg,1987-09-20
John Wilson,kimberly08@example.net,bMB19Nmlk&,1983-02-14
Michael Lopez,wilsonjesse@example.org,wf2Ki2k8m_,2003-05-28
Brandi Campbell,kimberlyfrancis@example.net,%y4WGS_i+c,1996-01-16
Michelle Yang,facosta@example.org,$2Yu3xWz8b,1945-09-16
Austin Graham,tanya39@example.net,8EDce_iH$9,2004-09-20
Charles Hammond,robert62@example.net,@w07DCfiZ5,1942-02-06
Judith Baldwin,marvinflores@example.org,q1N1HeUb!@,1957-11-05
Keith Medina,hunter53@example.net,*JD#pcD$G7,1936-07-30
Veronica Martin,williamsalicia@example.org,^K9eFWj4t7,1950-12-16
Lisa Li,jeffery45@example.net,P!L7Aip%hr,1971-08-17
Jack Jones,walkertheresa@example.net,)&O5Wx1QeU,1950-04-19
Tyler Torres,qcontreras@example.net,w2kWELvD_&,1965-09-07
Laura Shannon,kathleenjohnston@example.com,@9h44IHj*$,1972-07-07
Lisa Bauer,scottcourtney@example.net,dVffO_pX@2,1943-02-13
Rebecca Barron,changsarah@example.net,5(B^KRh@_q,1993-12-23
Tammie Swanson,jennifer96@example.com,O1&58Lhj&b,1954-06-03
Andrea Lopez,fthompson@example.org,T7QNRBzi@g,1947-12-05
Denise Thompson,gjames@example.com,0el$5qCm!N,1937-01-10
Kim Molina,karen18@example.org,#wV!kE4v%6,1981-01-03
Sarah Montgomery,shafferjeffrey@example.org,W8^08oDhOp,1994-04-25
Kyle Martin,wendy52@example.com,^PfoQ(wn5c,2001-05-22
Dana Lane,tracy21@example.org,nv+4sDFuQ#,1957-04-21
James Anderson,ohanna@example.com,w6mWO4T2#L,1999-05-31
